﻿（本文件为配置文件，半角逗号前的数字为可修改的内容，逗号后面的为注释。本文件依靠行号和半角逗号来定位，您所修改的内容不可包含半角逗号或换行，对于需要输入数组的情况会单独留一行来输入）
2.5,0,2,61,4,275,1,涨粉总榜专用：固定MAXValue缩短率，起点rank（0开始），分栏数（每栏25个），MAX T（数据总行数减3），缩调进度条宽（数越大越短），多少名次后显示为星号，名次偏移
0x000000,0xffffff,涨粉.jpg,0.2,背景色、文字色、背景图片名（会自动按宽度占满全屏）、透明度

【动画引擎】
15,3,fps（设太高没用，超出你的电脑的渲染能力后还是会降帧率，想保持帧率均匀可以设较低fps然后后期加速）
20,几帧过一行数据（程序会自动做线性补间，样条插值请先用Mathematica做预处理）
1,柱背景参考系缩放的缓冲系数（系数越大则运动越慢，取值范围(0，+∞)）
3,柱宽度缩放动画的缓冲系数
3,柱上下移动动画的缓冲系数
5,运动距离低于此像素值时切换到匀速运动
5,匀速运动的速度（像素/每帧）
5,运动距离低于此像素值时直接运动到目标值（可解决柱子间隙不整齐的情况）

20,几帧更新一次排序




【柱子部分】
60,rankBar容器左上角定位x坐标（舞台坐标系的定义为从左到右x=0~1920，从上到下y=0~1080）
40,rankBar容器左上角定位y坐标（修改容器的坐标可带动以下所有内容移动位置）
-185,排名数字（相对于容器）的x坐标（文本框宽100，文字已设为在框中右对齐）
-10,图标中心（相对于容器）的x坐标
15,柱子左端（相对于容器）的x坐标
20,标题文字（相对于容器）的x坐标
41.4,每行柱子的高度间隔（高度间隔越小，屏幕上能展示的柱子越多）
32,每个柱子的展示高度（应小于高度间隔）
40,图标的长度宽度（默认为正方形，应小于高度间隔）
32,所有文字的字号
10900,出生点的y坐标，新柱子从这出生，缩掉的柱子往这儿消失（输入1000+即出生点在舞台之外下方）




【柱子右方显示的数字】
10000,把数据除以多少（同时会影响背景参考线的单位）
1,然后保留几位小数
,前缀写啥（不能包含半角逗号！下同）
万,后缀写啥
0,9999,数字的x坐标最低值（以免和左侧文字发生重叠）和最高值（以免超出屏幕）
35,距离柱子右端




【柱子的背景参考线】
rankBar的背景参考线在（除之后）哪些取值时绘制（请在下一行输入数组，纯文本编辑的小伙伴注意用半角逗号分隔，Excel编辑的小伙伴则直接在逐个单元格内输入）
-999999
 万,后缀写啥
100,刻度线（相对于柱左端）的x坐标小于此值后开始隐去
1340,柱子的最大宽度（即第一名对应的显示宽度）
0,刻度线的y坐标相对于rankBar最上方的高度差
0,设为0线性轴，设为1启用对数轴
0.2,背景参考系回缩系数（设0则为只放不缩模式，设1则即刻按固定第一名的宽度缩放，设中间值则为带缓冲的回缩）


【预留一个可自定义的文本栏位】
25,x坐标
-2,y坐标
粉丝量排行,文字内容（不想写可留空）
32,字号




【柱子的隐去和变暗效果】
-99999,数据低于以下值就不显示了（高于此值则会再次浮现，设为0则不用此功能）
-99999,（做除法之后的）数据相对于上一帧增加了多少视为有更新，没更新的会变暗（设为-999之类的就会总视为有更新，即不启用不更新就变暗效果）
60,有更新后的变亮持续多少帧
60,因不更新的变暗到此帧数后不再下降（设为0就会一直暗到完全透明，设为跟上一行一样的数则可关闭此功能）




【冠军条部分】
222,日期文字定位x坐标
-9,日期文字定位y坐标
0.3,0.5,文字和指针每帧右移速度（可缩放冠军条的宽度）
520,指针相对于日期文字的x坐标（将带动整个冠军条一起左右移动）
-68,指针的绝对y坐标（如果不想要冠军条，把y坐标设到小于-100即可）
1,冠军条每多少帧绘制一次（数字越小动画越平滑，整数，最小值为1，但设的越小播放可能后期越卡）
15,彩条的高度（像素值）
在下一行输入5个参数：当检测到日期文字的[第几个字符]到[第几个字符]为[啥]时，就生成一个刻度，刻度的文字截取日期文字的[第几个字符]到[第几个字符]
5,7,1月,0,4
80,刻度的相对y坐标




【右下角冠军大头像】
1490,标题文字定位x坐标（如果不想要这个区块，把x坐标设到超出1920即可）
567,标题文字定位y坐标
第一名：,第一名标题文字
粉丝量：,数据的标题文字
3,数据保留几位小数
 万,数据的后缀
1500,大头像左上角定位x坐标
740,大头像左上角定位y坐标
300,大头像的宽度，设为1920可作为背景图（高度按保持纵横比）
1,透明度
















【需重设起点名次的UP】
338748561,396848107,470156882,23604445,129240403,50426155,6857104,320491072,316381099,37291782,481393564,175861153,349721082,233114659,5293668,35643203,57863910,75547577,19750237,6075139,1950209,481470422,1654470,39627524,390079112,147166910,3066511,8969156,347667464,1754707,15834498,37961599,82385070,97177641,1951038,36825256,928123,6534506,22344481,257975429,2884629,211005705,284424,34189415,25807917,6739643,49494871,262453663,732364,297242063,386900246,2897191,125526,25876945,29296192
323,293,290,277,276,275,274,273,272,271,270,269,268,267,266,265,264,263,262,261,260,259,258,257,256,255,254,253,252,251,250,249,248,247,246,245,244,243,242,241,240,239,238,237,236,235,234,233,232,231,230,229,228,227,226


【总榜右侧牌子浮现控制】
10000, 万,牌子的数除以多少，后缀写啥（粉丝总榜10000，播放总榜100000000）
50000,最红对应速度值（粉丝总榜50000播放总榜5000000）
70,牌子右移（粉丝总榜70播放总榜120）
1,计算速度补间时向未来推几行数据（粉丝总榜1播放总榜3）

